"","DIRECT_MAIL_spend_alphas","DIRECT_MAIL_spend_gammas","DIRECT_MAIL_spend_thetas","GDN_spend_alphas","GDN_spend_gammas","GDN_spend_thetas","LOWER_FUNNEL_spend_alphas","LOWER_FUNNEL_spend_gammas","LOWER_FUNNEL_spend_thetas","NATIVE_spend_alphas","NATIVE_spend_gammas","NATIVE_spend_thetas","PAID_SOCIAL_FB_spend_alphas","PAID_SOCIAL_FB_spend_gammas","PAID_SOCIAL_FB_spend_thetas","PAID_SOCIAL_NFB_spend_alphas","PAID_SOCIAL_NFB_spend_gammas","PAID_SOCIAL_NFB_spend_thetas","TikTok_spend_alphas","TikTok_spend_gammas","TikTok_spend_thetas","TOP_FUNNEL_spend_alphas","TOP_FUNNEL_spend_gammas","TOP_FUNNEL_spend_thetas","TV_LINEAR_spend_alphas","TV_LINEAR_spend_gammas","TV_LINEAR_spend_thetas","train_size","rsq_train","rsq_val","rsq_test","nrmse_train","nrmse_val","nrmse_test","nrmse","decomp.rssd","mape","lambda","lambda_hp","lambda_max","lambda_min_ratio","pos","Elapsed","ElapsedAccum","solID","trial","iterNG","iterPar","df.int","iterations","coef0","mape.qt10","robynPareto","error_score","cluster","top_sol"
"1",1.0081325,0.3973847,0.1285278,1.249025,0.5065875,0.2743378,0.9686325,0.7258464,0.3782195,2.52032,0.6474373,0.0825201,2.22841,0.5688966,0.3596806,1.65334,0.7220566,0.2963563,0.9547025,0.4532888,0.2842489,0.64815175,0.7207434,0.286264,1.488855,0.822214,0.248995,1,0.738311975001745,NA,NA,0.0871338481929091,NA,NA,0.0871338481929091,0.201510835570564,0,14800.3511502293,0.00641029,2273602.03540372,1e-04,0,0.0978498458862305,90.6888880729675,"1_95_2",1,95,2,1,660,TRUE,TRUE,4,11.6378967105376,8,FALSE
"2",1.0292475,0.4829457,0.0627012,1.5562025,0.7143209,0.3025123,0.8732375,0.7557385,0.410864,2.4657425,0.7057123,0.1821069,2.4211925,0.6069045,0.2327596,0.8415575,0.7703342,0.2903911,0.6397645,0.4825971,0.2863207,0.7722,0.681122,0.2806159,1.30903,0.8754987,0.2542558,1,0.763838689386507,NA,NA,0.0827750296741874,NA,NA,0.0827750296741874,0.224116294884342,0,4106.32847684743,0.00170626,2273602.03540372,1e-04,0,0.0973749160766602,95.6997880935669,"1_100_5",1,100,5,1,698,TRUE,TRUE,2,11.9613552131699,4,TRUE
"3",1.0292475,0.4829457,0.0627012,1.5562025,0.7143209,0.3025123,0.8732375,0.7557385,0.410864,2.4657425,0.7057123,0.1821069,2.4211925,0.6069045,0.2327596,0.8415575,0.8115334,0.2903911,0.6397645,0.4825971,0.2863207,0.7722,0.681122,0.2806159,1.30903,0.8754987,0.2542558,1,0.763836447224031,NA,NA,0.0827754226145561,NA,NA,0.0827754226145561,0.224154856154097,0,4106.32847684743,0.00170626,2273602.03540372,1e-04,0,0.104207992553711,99.4989790916443,"1_104_7",1,104,7,1,728,TRUE,TRUE,3,11.9592885734134,4,FALSE
"4",1.6155925,0.36468056,0.1332351,1.0823975,0.4319689,0.3752374,0.907615,0.5927323,0.31834,2.4716575,0.603261,0.0560961,2.1804125,0.5682225,0.3303832,2.6346375,0.6789625,0.1909951,2.232695,0.3832321,0.2899096,0.734003,0.9296227,0.3143146,1.5265775,0.6946453,0.1791973,1,0.761683989583191,NA,NA,0.0831517856367436,NA,NA,0.0831517856367436,0.199977723781522,0,8279.58510185916,0.00354197,2273602.03540372,1e-04,0,0.0966949462890625,104.817289113998,"1_110_5",1,110,5,1,768,TRUE,TRUE,1,13.125904240675,8,TRUE
"5",0.60389825,0.402445,0.0726237,0.7303545,0.4942388,0.2580283,0.90234,0.7005008,0.3510345,2.6688525,0.9104077,0.2579973,2.9298025,0.36933381,0.10522066,2.4627725,0.7710916,0.3690673,0.8218975,0.5417898,0.3162502,0.6756425,0.6891503,0.3019699,1.5156975,0.8081076,0.2989927,1,0.816636048816348,NA,NA,0.0729376806936419,NA,NA,0.0729376806936419,0.264478439041007,0,1963.66147859789,0.000763755,2273602.03540372,1e-04,0,0.0974369049072266,113.121417045593,"1_119_5",1,119,5,1,831,TRUE,TRUE,3,11.5942314601945,3,TRUE
"6",0.8012225,0.427596,0.0800388,0.96739,0.5564037,0.1805704,0.9644125,0.8120612,0.3782195,2.52032,0.6474373,0.0740649,2.9660375,0.30536634,0.2453122,2.8114725,0.8100116,0.3797179,1.2949425,0.5978696,0.3699142,0.52969175,0.5294614,0.3079717,2.04854,0.6329837,0.3863458,1,0.726295949109117,NA,NA,0.0891118751585908,NA,NA,0.0891118751585908,0.181204910465904,0,22261.2712955286,0.00969216,2273602.03540372,1e-04,0,0.1217360496521,114.2596180439,"1_120_7",1,120,7,1,840,TRUE,TRUE,3,11.689717695663,8,FALSE
"7",0.97786,0.4570954,0.0692085,1.546795,0.7897298,0.2409376,0.9517425,0.7641721,0.487839,2.5843875,0.6862313,0.241755,2.00455,0.6855495,0.2043334,0.816695,0.8289235,0.3855862,0.54010275,0.5006711,0.2952424,0.755295,0.6588375,0.278767,1.3487725,0.8576725,0.2761126,1,0.756519435024884,NA,NA,0.0840479490831624,NA,NA,0.0840479490831624,0.211962565296586,0,6302.68121805183,0.00267238,2273602.03540372,1e-04,0,0.136507987976074,116.986974239349,"1_123_6",1,123,6,1,860,TRUE,TRUE,2,12.1845453041272,8,FALSE
"8",0.60389825,0.402445,0.0726237,0.7303545,0.4942388,0.2580283,0.90234,0.7005008,0.32556315,2.783645,0.9288016,0.2960109,2.6029325,0.5448586,0.2142577,2.9797675,0.7764592,0.3958804,0.8218975,0.5417898,0.3162502,0.6756425,0.6891503,0.3019699,1.5156975,0.8081076,0.2989927,1,0.814574827001726,NA,NA,0.0733464867730358,NA,NA,0.0733464867730358,0.269310118060043,0,1963.66147859789,0.000763755,2273602.03540372,1e-04,0,0.1038818359375,117.114902257919,"1_123_7",1,123,7,1,861,TRUE,TRUE,4,11.2747285844103,3,FALSE
"9",0.82318,0.35512409,0.1232337,1.0560375,0.6311644,0.3863275,0.8969175,0.8085444,0.3717415,2.802105,0.7504472,0.2891955,2.5881075,0.5024694,0.3284014,2.5958175,0.7407557,0.11709607,2.4455675,0.4016666,0.3342361,0.68707425,0.9286658,0.3762475,2.6717075,0.3718382,0.2856811,1,0.78334706886283,NA,NA,0.0792824850779449,NA,NA,0.0792824850779449,0.246127770966649,0,2734.91520403292,0.00110301,2273602.03540372,1e-04,0,0.115648031234741,117.768240213394,"1_124_5",1,124,5,1,866,TRUE,TRUE,3,11.6537113713731,3,FALSE
"10",1.907975,0.4482124,0.104649,2.14761,0.31539223,0.374728,0.811435,0.5085643,0.3428934,2.514965,0.6927812,0.1789488,2.3909225,0.5449062,0.3325492,2.6646925,0.7518017,0.3348355,1.3347575,0.5497012,0.3518392,0.60604775,0.7992568,0.3968941,2.97859,0.34779544,0.2387728,1,0.71490084102769,NA,NA,0.0909479549584131,NA,NA,0.0909479549584131,0.140628988757996,0,19618.0867619136,0.00852949,2273602.03540372,1e-04,0,0.0970258712768555,118.862810134888,"1_125_7",1,125,7,1,875,TRUE,TRUE,4,12.0904857092952,8,FALSE
"11",1.907975,0.4482124,0.104649,2.14761,0.31539223,0.374728,0.811435,0.5085643,0.3591385,2.5923325,0.6105179,0.0861435,2.3909225,0.5449062,0.3325492,2.6646925,0.7518017,0.3348355,1.3347575,0.5497012,0.3518392,0.60604775,0.7992568,0.3968941,2.97859,0.34779544,0.2387728,1,0.716684234529736,NA,NA,0.0906630533177283,NA,NA,0.0906630533177283,0.143343093178468,0,19618.0867619136,0.00852949,2273602.03540372,1e-04,0,0.0962479114532471,123.033867120743,"1_130_2",1,130,2,1,905,TRUE,TRUE,4,12.1534446545418,8,FALSE
"12",1.88105,0.4518468,0.1014378,2.1401475,0.36840407,0.372859,0.8192925,0.5357852,0.33882095,2.53217,0.6841873,0.1786689,2.3952575,0.5208178,0.344998,2.5836875,0.744934,0.2924425,2.565675,0.530433,0.3514006,0.623469,0.8130517,0.3725101,2.6970525,0.4546041,0.2462146,1,0.69895739526254,NA,NA,0.0934563792865441,NA,NA,0.0934563792865441,0.134811168501095,0,23050.22324281,0.0100392,2273602.03540372,1e-04,0,0.0977358818054199,123.509149074554,"1_130_6",1,130,6,1,909,FALSE,TRUE,3,11.1774466305127,5,TRUE
"13",1.8481975,0.4605877,0.1239588,2.29188,0.35591075,0.3565558,0.85511,0.4507821,0.33384475,2.7270775,0.8353537,0.0861435,2.3909225,0.5449062,0.3325492,2.6646925,0.7518017,0.3348355,1.3347575,0.5497012,0.3518392,0.60604775,0.7992568,0.3968941,2.97859,0.34779544,0.2387728,1,0.707782362385343,NA,NA,0.0920763685691753,NA,NA,0.0920763685691753,0.130148390545008,0,19618.0867619136,0.00852949,2273602.03540372,1e-04,0,0.111125946044922,126.851764202118,"1_134_4",1,134,4,1,935,TRUE,TRUE,2,11.8079634949301,8,FALSE
"14",0.99708,0.3883967,0.1054377,1.6518225,0.6038014,0.2216293,0.7597025,0.7456396,0.3873335,2.6525625,0.7972653,0.243954,2.31534,0.521305,0.1460875,1.7487375,0.7779992,0.2559094,2.6173825,0.6032652,0.3157222,0.690746,0.7868059,0.31912,2.5820925,0.4843324,0.2552347,1,0.716686641408191,NA,NA,0.0906626682078267,NA,NA,0.0906626682078267,0.140535247776752,0,15607.7174323799,0.00676543,2273602.03540372,1e-04,0,0.103076934814453,130.382029056549,"1_138_2",1,138,2,1,961,FALSE,TRUE,3,12.2182750311901,8,FALSE
"15",2.0175075,0.4672258,0.1368963,2.42369,0.3475083,0.3280222,0.8632625,0.36210568,0.3412996,2.6025425,0.7430062,0.0433515,2.38535,0.5409575,0.363388,2.8406,0.7827851,0.3483133,1.361345,0.5633708,0.3791692,0.60469025,0.6820509,0.3968941,2.97859,0.3786534,0.2861623,1,0.707927523252087,NA,NA,0.0920534959837186,NA,NA,0.0920534959837186,0.122253367492173,0,20461.3950976791,0.00890044,2273602.03540372,1e-04,0,0.112059831619263,134.900397062302,"1_143_1",1,143,1,1,995,TRUE,TRUE,1,11.9432858765679,8,FALSE
"16",1.88105,0.4518468,0.1014378,2.1401475,0.36840407,0.372859,0.8192925,0.5357852,0.33882095,2.53217,0.8680353,0.2173614,2.8310575,0.5208178,0.344998,2.5836875,0.744934,0.2924425,2.565675,0.530433,0.3514006,0.623469,0.8130517,0.3725101,2.6970525,0.4546041,0.2462146,1,0.693580614003981,NA,NA,0.0942872759965977,NA,NA,0.0942872759965977,0.11993666540599,0,23050.22324281,0.0100392,2273602.03540372,1e-04,0,0.125452041625977,135.394967079163,"1_143_5",1,143,5,1,999,FALSE,TRUE,2,11.0610297143851,5,FALSE
"17",1.849685,0.8684833,0.0989688,2.6441975,0.6381154,0.2427781,1.3557625,0.3005866602,0.520931,1.650015,0.7577993,0.2309673,0.74302275,0.7671947,0.101214283,1.3079675,0.479557,0.2099326,1.1934475,0.8657428,0.2908894,0.64634,0.4362718,0.192346,1.452225,0.6999478,0.1748974,1,0.772289038995274,NA,NA,0.0812806069583021,NA,NA,0.0812806069583021,0.232635141322587,0,7037.57231555704,0.00299564,2273602.03540372,1e-04,0,0.100701808929443,73.1509490013123,"2_78_3",2,78,3,1,542,TRUE,TRUE,4,11.9196118078745,4,FALSE
"18",2.600135,0.9951294,0.01796463,2.9028125,0.9632969,0.3216529,1.3557625,0.3005866602,0.520931,1.650015,0.7577993,0.2309673,0.74302275,0.7671947,0.101214283,1.3079675,0.479557,0.2099326,1.1934475,0.8657428,0.2908894,0.64634,0.4362718,0.192346,1.452225,0.6999478,0.1748974,1,0.772478815481544,NA,NA,0.0812467298820107,NA,NA,0.0812467298820107,0.23045576827902,0,7037.57231555704,0.00299564,2273602.03540372,1e-04,0,0.109470844268799,85.2991478443146,"2_91_2",2,91,2,1,632,TRUE,TRUE,3,12.0452029259058,1,FALSE
"19",1.5065075,0.5341192,0.1554159,1.5425725,0.4029658,0.1740886,2.5271375,0.4183763,0.631793,1.9146125,0.661893,0.002998047,0.829,0.7646131,0.1600762,2.845015,0.4990961,0.1362391,0.875535,0.9511603,0.2350033,0.66184875,0.6991246,0.1843708,2.4186375,0.6690071,0.2327215,1,0.785434439483395,NA,NA,0.0788996320179094,NA,NA,0.0788996320179094,0.246170720538658,0,4198.12734623202,0.00174664,2273602.03540372,1e-04,0,0.117228984832764,91.9118330478668,"2_98_3",2,98,3,1,682,TRUE,TRUE,3,11.7297784459173,4,FALSE
"20",1.5344625,0.4784888,0.1646814,1.4345875,0.5355178,0.3521014,2.0345,0.4633233,0.4848645,1.2075275,0.7439183,0.1580613,0.7984225,0.801907,0.1039627,2.254615,0.456863,0.2025784,1.238035,0.8503176,0.287179,0.5270505,0.4859305,0.1441576,1.3459725,0.6769794,0.12768301,1,0.798506401812173,NA,NA,0.0764584687637221,NA,NA,0.0764584687637221,0.226677448832536,0,4149.54532942299,0.00172527,2273602.03540372,1e-04,0,0.102946043014526,98.7973890304565,"2_105_6",2,105,6,1,734,TRUE,TRUE,1,13.5368562954099,4,FALSE
"21",1.5065075,0.5341192,0.1554159,1.5425725,0.4029658,0.1740886,2.5271375,0.4183763,0.631793,1.9146125,0.661893,0.002998047,0.829,0.7646131,0.1600762,2.845015,0.4990961,0.1362391,0.875535,0.9511603,0.11878555,0.5843515,0.7693304,0.2750257,2.67055,0.6690071,0.2327215,1,0.787426856637658,NA,NA,0.0785324537550639,NA,NA,0.0785324537550639,0.249727532067495,0,4198.12734623202,0.00174664,2273602.03540372,1e-04,0,0.099884033203125,99.9162268638611,"2_106_7",2,106,7,1,742,TRUE,TRUE,4,11.6071540153036,4,FALSE
"22",2.1038525,0.6314927,0.0595482,1.83436,0.7433401,0.1841101,0.5745645,0.5059008,0.7850175,2.78611,0.7921028,0.01850604,2.593365,0.5176769,0.2070565,1.8779,0.6368883,0.1668715,2.5973925,0.935201,0.2388796,0.75036,0.4358112,0.2364991,2.8485125,0.6845072,0.2050168,1,0.666278045407898,NA,NA,0.0983982465105063,NA,NA,0.0983982465105063,0.11921410305635,0,27645.3954737922,0.0120605,2273602.03540372,1e-04,0,0.100404024124146,102.508857965469,"2_109_6",2,109,6,1,762,FALSE,TRUE,4,9.69684724688471,5,FALSE
"23",1.233935,0.4853719,0.159726,1.32301,0.4029658,0.1740886,2.5271375,0.4183763,0.631793,1.9146125,0.661893,0.002998047,0.829,0.7646131,0.1600762,2.845015,0.4990961,0.1362391,0.875535,0.9511603,0.2350033,0.66184875,0.6991246,0.1843708,2.4186375,0.6690071,0.2327215,1,0.788663364678179,NA,NA,0.0783037145216492,NA,NA,0.0783037145216492,0.236068153382529,0,4198.12734623202,0.00174664,2273602.03540372,1e-04,0,0.098675012588501,103.837137937546,"2_111_2",2,111,2,1,772,TRUE,TRUE,2,12.4498852746715,4,FALSE
"24",1.8143125,0.5116576,0.1432998,2.04535,0.9401619,0.2587324,1.0536975,0.8016844,0.4971665,1.0838225,0.7588549,0.1571523,0.8239025,0.8003698,0.1321024,1.662615,0.4772092,0.186451,1.5268075,0.8584411,0.272767,0.544134,0.5143001,0.1442185,1.2468675,0.6771901,0.1338154,1,0.791040380733506,NA,NA,0.0778621074048457,NA,NA,0.0778621074048457,0.251426910050531,0,4927.5850782635,0.00206751,2273602.03540372,1e-04,0,0.0988368988037109,113.616688966751,"2_121_4",2,121,4,1,844,TRUE,TRUE,4,11.6390101228509,4,FALSE
"25",1.0621,0.4344903,0.2785491,0.64736675,0.6836889,0.3593434,2.4637575,0.5673615,0.447706,2.7692525,0.6820082,0.2779344,1.639095,0.7152407,0.170269,1.74382,0.4952958,0.2935837,1.0250075,0.8902176,0.2368618,0.7487475,0.6538871,0.1394059,1.786715,0.6653188,0.11356576,1,0.8272844863759,NA,NA,0.0707881633141923,NA,NA,0.0707881633141923,0.324782792598269,0,533.124550605446,0.000134498,2273602.03540372,1e-04,0,0.105119943618774,114.567893028259,"2_122_4",2,122,4,1,851,TRUE,TRUE,3,8.93565124428105,4,FALSE
"26",1.4907875,0.8168723,0.01546455,1.6370375,0.7627448,0.1926418,0.54066475,0.4525272,0.7077125,2.8430525,0.7552191,0.0547263,2.76953,0.4815205,0.231319,2.36118,0.5281692,0.252877,1.13412,0.8946283,0.2633581,0.500956995,0.5854236,0.2250535,2.7408225,0.6960425,0.1429045,1,0.570870106765976,NA,NA,0.111580770042183,NA,NA,0.111580770042183,0.083579374931077,0,64661.3912852716,0.0283429,2273602.03540372,1e-04,0,0.117165088653564,118.424819946289,"2_126_2",2,126,2,1,877,FALSE,TRUE,2,6.9783087407051,5,FALSE
"27",1.5687525,0.5457252,0.1546128,1.529595,0.5416274,0.340318,1.9726925,0.4821414,0.5197865,1.3547475,0.7712988,0.1480833,1.0695225,0.7622247,0.12632212,2.168775,0.4905071,0.2279305,0.9856975,0.8238478,0.3250894,0.67514925,0.7185272,0.2673718,1.64715,0.6782345,0.1588483,1,0.780179655668779,NA,NA,0.0798599275495426,NA,NA,0.0798599275495426,0.235469619068702,0,5125.93701867471,0.00215476,2273602.03540372,1e-04,0,0.109022855758667,118.562700986862,"2_126_3",2,126,3,1,878,TRUE,TRUE,3,12.116225548976,4,FALSE
"28",1.49158,0.8986155,0.0387159,2.12083,0.8091198,0.3571348,1.9749225,0.5586094,0.562337,1.6255675,0.8168422,0.133041,2.1317125,0.5816177,0.1683115,1.933235,0.5194038,0.2620309,0.900685,0.8466433,0.3209323,0.657801,0.5442664,0.1686886,1.562885,0.6819914,0.1503508,1,0.742052628266966,NA,NA,0.0865088469577593,NA,NA,0.0865088469577593,0.220664964127922,0,12617.7523258099,0.00545022,2273602.03540372,1e-04,0,0.0972359180450439,120.215570926666,"2_128_2",2,128,2,1,891,TRUE,TRUE,4,11.0707904187787,1,TRUE
"29",0.7703475,0.4853719,0.159726,1.32301,0.4029658,0.1740886,2.5271375,0.4183763,0.631793,1.9146125,0.661893,0.002998047,0.829,0.7646131,0.1600762,2.845015,0.4990961,0.1362391,0.9951125,0.902406,0.2364901,0.73136775,0.6629346,0.148399,1.9131,0.6660559,0.1373968,1,0.796613238862077,NA,NA,0.0768168174368613,NA,NA,0.0768168174368613,0.260804516956889,0,1266.12647375557,0.000456927,2273602.03540372,1e-04,0,0.105749130249023,120.339006900787,"2_128_3",2,128,3,1,892,TRUE,TRUE,4,11.3010337258148,4,FALSE
"30",2.5442525,0.8913985,0.0456555,2.5961825,0.9258693,0.1854067,0.62631025,0.8009074,0.681764,2.0228575,0.8620783,0.0914463,2.39276,0.5548938,0.2046481,0.9270675,0.6610747,0.3496378,2.00127,0.9782643,0.2321308,0.61833325,0.7895506,0.3410209,2.755625,0.6927784,0.2360242,1,0.691958920564877,NA,NA,0.0945364496599202,NA,NA,0.0945364496599202,0.122464310998262,0,20354.1600142499,0.00885327,2273602.03540372,1e-04,0,0.104860067367554,120.83456993103,"2_128_7",2,128,7,1,896,FALSE,TRUE,3,10.9392221049424,1,FALSE
"31",2.022945,0.589989,0.00552201,2.3451675,0.9335987,0.1900021,0.65394875,0.4625183,0.7476795,2.878415,0.5779532,0.0355011,2.307495,0.7549181,0.2581117,1.1211875,0.4655409,0.3399562,0.71738275,0.9087627,0.2985892,0.56808475,0.9867847,0.3010561,2.4251225,0.7292918,0.1858381,1,0.658573427430853,NA,NA,0.0995276223416363,NA,NA,0.0995276223416363,0.114133525218356,0,30359.1228235786,0.0132542,2273602.03540372,1e-04,0,0.108967065811157,122.198251008987,"2_130_3",2,130,3,1,906,FALSE,TRUE,4,9.40835442276119,1,FALSE
"32",1.3676725,0.3964306,0.2089869,1.120715,0.5199701,0.3146293,1.4979425,0.6485048,0.3726585,2.75844,0.7065824,0.1524111,0.90558,0.8113486,0.1369693,2.34636,0.432496,0.2334238,1.29185,0.8342015,0.2719066,0.5250165,0.5303259,0.12095167,1.509575,0.6784221,0.12312721,1,0.781705334978331,NA,NA,0.079582308143259,NA,NA,0.079582308143259,0.234312818240758,0,8070.52556672775,0.00345001,2273602.03540372,1e-04,0,0.113639116287231,123.770262956619,"2_132_1",2,132,1,1,918,TRUE,TRUE,2,12.2503641375392,4,FALSE
"33",1.05042,0.4564248,0.2339979,0.7700375,0.6287151,0.3160714,2.312715,0.5307963,0.4761775,2.6631475,0.6636339,0.2668485,1.77078,0.7276398,0.198688,1.93024,0.497295,0.2685925,1.25229,0.8843677,0.2507236,0.72282,0.5983043,0.1396897,1.8034575,0.6663604,0.11924299,1,0.77382701555733,NA,NA,0.0810056543133259,NA,NA,0.0810056543133259,0.231903709924208,0,9291.85064348555,0.00398724,2273602.03540372,1e-04,0,0.0986580848693848,124.022707939148,"2_132_3",2,132,3,1,920,TRUE,TRUE,3,12.0291296687297,8,FALSE
"34",1.385445,0.8251274,0.0382578,1.8042375,0.7467806,0.3715642,2.298465,0.6894688,0.31119965,1.1364775,0.7065992,0.2288535,1.3398375,0.9977971,0.1574008,2.267475,0.357666,0.22234,0.600543,0.8080404,0.2874739,0.6299895,0.4617392,0.1697089,0.63636425,0.6414593,0.102736492,1,0.799580538926432,NA,NA,0.076254401179254,NA,NA,0.076254401179254,0.257362701810075,0,1698.74740107148,0.000647226,2273602.03540372,1e-04,0,0.0984559059143066,124.391790866852,"2_132_6",2,132,6,1,923,TRUE,TRUE,3,11.5770748476173,3,FALSE
"35",1.8915225,0.7887386,0.1344096,1.9534875,0.7083401,0.1751284,0.5124507,0.36526247,0.732831,2.8817025,0.9823593,0.1589439,1.529635,0.5467521,0.1831282,1.5106025,0.4933918,0.399289,1.19819,0.9839259,0.1770973,0.664346,0.8828039,0.3507985,2.9478475,0.7279359,0.2444773,1,0.674746072912653,NA,NA,0.0971418218929407,NA,NA,0.0971418218929407,0.124011683587266,0,24027.7743531461,0.0104692,2273602.03540372,1e-04,0,0.12926983833313,125.610380887985,"2_134_1",2,134,1,1,932,FALSE,TRUE,4,10.0376032110785,5,FALSE
"36",1.3676725,0.3964306,0.2089869,1.120715,0.5199701,0.3146293,1.4979425,0.4997156,0.6726755,2.85442,0.6036789,0.1524111,0.90558,0.8113486,0.1369693,2.34636,0.432496,0.2334238,1.29185,0.8342015,0.2719066,0.5250165,0.5303259,0.12095167,1.509575,0.6784221,0.12312721,1,0.781220903743361,NA,NA,0.0796705622266577,NA,NA,0.0796705622266577,0.229734881893855,0,8070.52556672775,0.00345001,2273602.03540372,1e-04,0,0.104981899261475,127.725960969925,"2_136_3",2,136,3,1,948,TRUE,TRUE,2,12.4992302931182,4,FALSE
"37",1.7340825,0.5473793,0.1585656,1.4080775,0.7283307,0.2264182,0.829085,0.36811665,0.718886,2.9176225,0.5209032,0.01503942,2.5736425,0.676593,0.2532505,2.481945,0.36358527,0.2324125,0.8925275,0.8339159,0.318004,0.52521,0.73498,0.1818088,1.562885,0.6819914,0.1503508,1,0.741835634821953,NA,NA,0.086545226290471,NA,NA,0.086545226290471,0.212040832977005,0,12617.7523258099,0.00545022,2273602.03540372,1e-04,0,0.096668004989624,128.108201980591,"2_136_6",2,136,6,1,951,TRUE,TRUE,4,11.4033270907223,3,FALSE
"38",1.5687525,0.5457252,0.1546128,1.529595,0.5416274,0.340318,1.9726925,0.4821414,0.5197865,1.3547475,0.7712988,0.1480833,1.987485,0.7657072,0.2392204,2.705165,0.33273242,0.2940757,1.2809575,0.897457,0.2495863,0.6531185,0.7185272,0.2673718,1.64715,0.6782345,0.1588483,1,0.77585731555304,NA,NA,0.0806412506283797,NA,NA,0.0806412506283797,0.236105903696482,0,5125.93701867471,0.00215476,2273602.03540372,1e-04,0,0.106796979904175,130.352916955948,"2_139_2",2,139,2,1,968,TRUE,TRUE,4,11.8921122918482,3,FALSE
"39",1.05042,0.4564248,0.2339979,0.7700375,0.6287151,0.3160714,2.312715,0.5307963,0.6703445,2.8667275,0.5494492,0.0654012,2.41307,0.6868025,0.242338,2.371605,0.3903273,0.2396485,0.96448,0.8440064,0.3045481,0.564732,0.707645,0.1733848,1.611,0.6788652,0.1441294,1,0.778217610794375,NA,NA,0.0802155376626462,NA,NA,0.0802155376626462,0.226514291661596,0,9291.85064348555,0.00398724,2273602.03540372,1e-04,0,0.0970141887664795,131.927659988403,"2_140_7",2,140,7,1,980,TRUE,TRUE,1,12.5456213638294,3,FALSE
"40",1.385445,0.8251274,0.0382578,1.8042375,0.7467806,0.3715642,2.298465,0.6894688,0.31119965,1.1364775,0.7065992,0.2288535,1.3398375,0.9977971,0.2062405,2.7613625,0.3839643,0.189775,0.68783325,0.8115691,0.308671,0.6299895,0.4617392,0.1697089,0.63636425,0.6414593,0.102736492,1,0.799773182137484,NA,NA,0.0762177444985592,NA,NA,0.0762177444985592,0.256849922539827,0,1698.74740107148,0.000647226,2273602.03540372,1e-04,0,0.0964200496673584,132.31507897377,"2_141_3",2,141,3,1,983,TRUE,TRUE,2,11.6118798052706,3,FALSE
"41",2.4962325,0.9672624,0.1600026,0.58672875,0.35472124,0.1801591,2.0189375,0.7157076,0.3598165,1.3476825,0.3949711,0.2320779,1.5695625,0.34799949,0.3521341,2.67757,0.7453519,0.3375313,1.5437475,0.5589405,0.1820023,1.6696975,0.34034905,0.2081476,1.77678,0.6552619,0.2752555,1,0.827961805628129,NA,NA,0.0706492259265189,NA,NA,0.0706492259265189,0.356264534870132,0,758.293218685323,0.000233544,2273602.03540372,1e-04,0,0.101678848266602,76.2891221046448,"3_82_1",3,82,1,1,568,TRUE,TRUE,3,7.9339032659438,9,FALSE
"42",2.1424875,0.7776296,0.104004,1.43689,0.5707782,0.2410075,1.28345,0.6998834,0.431274,2.1740675,0.5095163,0.2761692,1.1187925,0.4724534,0.2922613,2.2258075,0.8232794,0.2628649,1.4200375,0.9787704,0.2327674,0.5114871,0.8530693,0.2301394,2.7602925,0.36115025,0.2289469,1,0.768661255335828,NA,NA,0.0819255106845598,NA,NA,0.0819255106845598,0.228581389362897,0,9912.70926728271,0.00426034,2273602.03540372,1e-04,0,0.121685028076172,78.6378872394562,"3_84_4",3,84,4,1,585,TRUE,TRUE,3,11.9650976814963,4,FALSE
"43",2.3523825,0.9310241,0.1475616,0.737165,0.35029234,0.2409151,1.16911,0.4085511,0.6586415,2.6812725,0.7613133,0.0513855,2.602515,0.568128,0.1870075,2.6550325,0.341643,0.2473552,1.45259,0.8675068,0.1837513,0.6671335,0.31943704,0.2464171,1.5764725,0.7326609,0.2787856,1,0.745486422230206,NA,NA,0.0859311151832392,NA,NA,0.0859311151832392,0.208552689653182,0,18243.0588233655,0.00792465,2273602.03540372,1e-04,0,0.113227128982544,78.7746222019196,"3_84_5",3,84,5,1,586,FALSE,TRUE,3,11.7379275709894,3,FALSE
"44",2.0931525,0.7009572,0.1143705,1.77122,0.8228832,0.395164,0.8564175,0.32029937,0.719369,2.66281,0.7043242,0.1058847,2.2565625,0.7061036,0.11134699,2.0299475,0.4610077,0.2980348,1.580555,0.7516981,0.1842874,0.6484285,0.6578001,0.2183479,2.2665375,0.7448829,0.2800042,1,0.658736310511108,NA,NA,0.0995038788768109,NA,NA,0.0995038788768109,0.11188122471526,0,30831.3027436177,0.0134619,2273602.03540372,1e-04,0,0.110116004943848,78.9058301448822,"3_84_6",3,84,6,1,587,FALSE,TRUE,3,9.4276921682533,5,FALSE
"45",2.1135225,0.7009572,0.1143705,1.77122,0.8228832,0.395164,0.8564175,0.32029937,0.719369,2.66281,0.7043242,0.1058847,2.2565625,0.7061036,0.11134699,2.0299475,0.4610077,0.1935868,1.5033025,0.7801363,0.1851703,0.553983,0.6619938,0.2243464,2.22255,0.7589368,0.2803852,1,0.662946960137979,NA,NA,0.0988881140120581,NA,NA,0.0988881140120581,0.114930681946618,0,30616.6961742788,0.0133675,2273602.03540372,1e-04,0,0.125524997711182,82.9253361225128,"3_89_1",3,89,1,1,617,FALSE,TRUE,3,9.58392442681006,1,FALSE
"46",2.1135225,0.7009572,0.1143705,1.5074275,0.8228832,0.395164,0.8564175,0.32029937,0.719369,2.66281,0.7043242,0.1058847,2.2565625,0.7061036,0.11134699,2.0299475,0.4610077,0.1935868,1.5033025,0.7801363,0.1851703,0.553983,0.6619938,0.2243464,2.22255,0.7589368,0.2803852,1,0.666216279557921,NA,NA,0.0984073519500177,NA,NA,0.0984073519500177,0.1175377979691,0,30616.6961742788,0.0133675,2273602.03540372,1e-04,0,0.103287935256958,86.796361207962,"3_93_3",3,93,3,1,647,FALSE,TRUE,3,9.70623143676302,1,FALSE
"47",2.1424875,0.7776296,0.104004,1.43689,0.5707782,0.2410075,1.28345,0.6998834,0.4327415,2.1530875,0.6458245,0.2053839,1.8417275,0.34306498,0.3306292,2.9596975,0.5145626,0.2726704,1.458485,0.9019006,0.1412917,0.6590915,0.3740607,0.2812621,2.3952925,0.34159127,0.2289469,1,0.763017063784872,NA,NA,0.0829188953921098,NA,NA,0.0829188953921098,0.226877345390863,0,9912.70926728271,0.00426034,2273602.03540372,1e-04,0,0.113418102264404,90.6891331672668,"3_97_3",3,97,3,1,675,TRUE,TRUE,4,11.7832173244211,4,FALSE
"48",1.93226,0.6935554,0.0878916,2.23295,0.980925,0.3066886,0.52087175,0.6086993,0.719369,2.66281,0.7043242,0.1058847,2.2565625,0.7061036,0.11134699,2.0299475,0.4610077,0.1935868,1.5033025,0.7801363,0.1851703,0.553983,0.6619938,0.2243464,2.5962825,0.675354,0.2662177,1,0.653878908289966,NA,NA,0.100209524730152,NA,NA,0.100209524730152,0.0801031701049687,0,31886.1485929106,0.0139259,2273602.03540372,1e-04,0,0.0973219871520996,90.9286761283875,"3_97_5",3,97,5,1,677,FALSE,TRUE,1,9.31804866521439,1,FALSE
"49",2.7062175,0.9115249,0.1166349,1.738425,0.9909777,0.3070273,0.5522725,0.478402,0.725322,2.691035,0.6921372,0.0577935,2.3962975,0.925639,0.2329096,1.4280225,0.5177749,0.1384309,1.4388325,0.6455151,0.2533744,0.8934725,0.831538,0.1418224,1.5299775,0.6642786,0.2797081,1,0.724400193364996,NA,NA,0.089419950313009,NA,NA,0.089419950313009,0.178940825100021,0,9459.10281834002,0.00406081,2273602.03540372,1e-04,0,0.11181902885437,91.5746490955353,"3_98_3",3,98,3,1,682,TRUE,TRUE,3,11.6511404361793,7,FALSE
"50",2.4531825,0.9122928,0.1570506,1.627195,0.9363679,0.3726826,0.7359665,0.8417286,0.6038455,2.0756,0.5659181,0.2163123,2.086475,0.36849976,0.365917,2.88396,0.7482779,0.3635431,1.4365825,0.4287209,0.1484986,0.98407,0.4013131,0.2243071,1.811325,0.8132288,0.2898253,1,0.747109536516405,NA,NA,0.0856566718616269,NA,NA,0.0856566718616269,0.182527339518438,0,10088.2137922082,0.00433754,2273602.03540372,1e-04,0,0.0986020565032959,91.810063123703,"3_98_5",3,98,5,1,684,TRUE,TRUE,2,13.0032171117827,6,FALSE
"51",1.93226,0.6935554,0.0878916,2.23295,0.980925,0.3066886,0.52087175,0.6086993,0.719369,2.66281,0.5864379,0.1058847,2.2565625,0.7061036,0.11134699,2.0299475,0.4610077,0.1935868,1.5033025,0.7801363,0.1851703,0.553983,0.6619938,0.2243464,2.5962825,0.675354,0.2662177,1,0.659154703548557,NA,NA,0.0994428637447124,NA,NA,0.0994428637447124,0.0855080838615729,0,31886.1485929106,0.0139259,2273602.03540372,1e-04,0,0.0997390747070312,95.002001285553,"3_101_7",3,101,7,1,707,FALSE,TRUE,1,9.53090198479583,1,FALSE
"52",2.4531825,0.9122928,0.1570506,1.627195,0.9363679,0.3726826,0.7359665,0.8417286,0.6038455,2.0756,0.5659181,0.2163123,2.086475,0.36849976,0.365917,2.95935,0.9619046,0.3810343,1.3699725,0.5876286,0.1865761,0.98407,0.4013131,0.2243071,1.811325,0.8132288,0.2898253,1,0.748324170949452,NA,NA,0.0854507195086039,NA,NA,0.0854507195086039,0.182386704236762,0,10088.2137922082,0.00433754,2273602.03540372,1e-04,0,0.105159997940063,95.9881951808929,"3_102_7",3,102,7,1,714,TRUE,TRUE,1,13.0980754831897,6,TRUE
"53",2.5277575,0.9591396,0.1533054,1.4729175,0.7754757,0.3537097,1.032305,0.5234694,0.605618,2.32519,0.5719479,0.1760931,1.61024,0.6036208,0.2515447,2.020675,0.8177179,0.3224938,1.4443575,0.7439925,0.2026801,0.8920725,0.8524456,0.2119429,2.6683725,0.6812998,0.2617135,1,0.741066386756776,NA,NA,0.0866740690698753,NA,NA,0.0866740690698753,0.189605986110123,0,8494.85094985386,0.00363666,2273602.03540372,1e-04,0,0.145486116409302,97.968269109726,"3_105_1",3,105,1,1,729,TRUE,TRUE,3,12.283301500942,6,FALSE
"54",1.93226,0.6935554,0.0878916,2.23295,0.980925,0.3066886,0.52087175,0.6086993,0.719369,2.66281,0.5864379,0.1058847,2.2565625,0.7061036,0.11134699,2.0299475,0.4610077,0.1935868,1.5033025,0.7801363,0.2016559,0.553983,0.6619938,0.2243464,2.5962825,0.675354,0.2662177,1,0.659143410268822,NA,NA,0.0994445111589314,NA,NA,0.0994445111589314,0.0855276632338862,0,31886.1485929106,0.0139259,2273602.03540372,1e-04,0,0.0969741344451904,99.2684421539307,"3_106_2",3,106,2,1,737,FALSE,TRUE,2,9.5304098260365,1,FALSE
"55",2.2860675,0.9228866,0.1368441,1.024205,0.4944117,0.3085396,1.669745,0.5805936,0.3482873,2.028135,0.4955296,0.2968521,1.0171475,0.36393772,0.3562789,2.4751625,0.8308548,0.3397039,1.558095,0.8977384,0.2565271,0.528183,0.6748416,0.2415007,2.522145,0.31325513,0.2186701,1,0.800380734442938,NA,NA,0.076102022121089,NA,NA,0.076102022121089,0.235747215765221,0,4717.36612204774,0.00197504,2273602.03540372,1e-04,0,0.116185903549194,99.519561290741,"3_106_4",3,106,4,1,739,TRUE,TRUE,1,12.9641232533874,4,FALSE
"56",2.6071625,0.8599622,0.1356657,1.658195,0.8691266,0.2952556,0.7524725,0.4484301,0.71021,2.5478175,0.6790766,0.0677097,2.4144375,0.8655594,0.2207854,1.6325175,0.5313591,0.1774936,1.4876125,0.7402958,0.2516026,0.770085,0.9654991,0.2112133,1.822315,0.6536176,0.2769442,1,0.722946499767258,NA,NA,0.0896554697958183,NA,NA,0.0896554697958183,0.184037928190743,0,10771.5447520798,0.00463812,2273602.03540372,1e-04,0,0.109370946884155,101.763110160828,"3_108_6",3,108,6,1,755,TRUE,TRUE,4,11.4043111978875,7,TRUE
"57",1.9125775,0.7559541,0.1038519,2.41228,0.8176745,0.3066886,0.52087175,0.6086993,0.719369,2.66281,0.5864379,0.1058847,2.2565625,0.7061036,0.11134699,2.0299475,0.6797668,0.1966,1.58299,0.7768057,0.2773585,0.55074375,0.9131041,0.1561111,2.8263975,0.866293,0.2818492,1,0.629199649978403,NA,NA,0.103720604123215,NA,NA,0.103720604123215,0.0888515123500736,0,41792.6060775629,0.0182835,2273602.03540372,1e-04,0,0.0956430435180664,103.277133226395,"3_110_4",3,110,4,1,767,FALSE,TRUE,4,8.43933903277827,5,FALSE
"58",2.4075275,0.8789168,0.1586541,1.5668125,0.8131735,0.3340186,0.8681375,0.8418658,0.4937155,2.2270025,0.5150897,0.1810221,2.096735,0.4879591,0.2196946,2.656335,0.375201,0.331318,1.703075,0.6710553,0.1703731,0.9443425,0.385316,0.2335,1.77689,0.79616,0.288037,1,0.737586070744074,NA,NA,0.0872546160973218,NA,NA,0.0872546160973218,0.191496312515602,0,12459.0707734809,0.00538042,2273602.03540372,1e-04,0,0.0967819690704346,103.391696214676,"3_110_5",3,110,5,1,768,TRUE,TRUE,4,11.9917244305417,6,FALSE
"59",2.56469,0.9679617,0.0463989,1.9839975,0.6897474,0.3522919,0.80306,0.6593786,0.439808,2.7996575,0.6339294,0.1116072,1.506745,0.691251,0.2269645,1.47872,0.9807346,0.3191716,1.5111525,0.9977796,0.3056806,0.66946175,0.8920845,0.1837936,2.9315375,0.4297114,0.2219446,1,0.720958878154175,NA,NA,0.0899764956636303,NA,NA,0.0899764956636303,0.140500787487489,0,14435.7927873142,0.00624993,2273602.03540372,1e-04,0,0.0989108085632324,103.783530235291,"3_111_1",3,111,1,1,771,TRUE,TRUE,2,12.5317679790481,7,FALSE
"60",2.9733925,0.7958247,0.2160324,1.04575,0.4892303,0.1924498,1.032305,0.5234694,0.605618,2.32519,0.5719479,0.1760931,1.61024,0.6036208,0.2515447,2.020675,0.8177179,0.3224938,1.4443575,0.7439925,0.2026801,0.8920725,0.8524456,0.2119429,2.6683725,0.6812998,0.2617135,1,0.751439260418026,NA,NA,0.0849202445549386,NA,NA,0.0849202445549386,0.198949198779576,0,8494.85094985386,0.00363666,2273602.03540372,1e-04,0,0.140438079833984,106.467187166214,"3_113_5",3,113,5,1,789,TRUE,TRUE,1,12.5176500674436,6,FALSE
"61",1.778225,0.659387,0.1308693,1.961265,0.8486537,0.3857356,0.835705,0.4256899,0.671818,2.5549825,0.5676121,0.134532,2.0052975,0.6623137,0.139243,2.9596975,0.5145626,0.2726704,1.458485,0.9019006,0.1412917,0.6590915,0.3740607,0.2536219,2.900185,0.5799405,0.2481673,1,0.68945454284489,NA,NA,0.0949199629882308,NA,NA,0.0949199629882308,0.118609534031088,0,25010.3268877676,0.0109014,2273602.03540372,1e-04,0,0.0979259014129639,107.242047309875,"3_114_4",3,114,4,1,795,FALSE,TRUE,3,10.8396814354878,8,FALSE
"62",1.93226,0.6935554,0.0878916,2.23295,0.980925,0.3066886,0.52087175,0.6086993,0.719369,2.043195,0.8076687,0.0377181,2.9247775,0.9838937,0.2465074,1.5207325,0.3798952,0.1390801,1.7397075,0.8676363,0.2022757,0.518263925,0.8922826,0.2243464,2.5962825,0.675354,0.2662177,1,0.653286550330106,NA,NA,0.100295238278604,NA,NA,0.100295238278604,0.0953719454682585,0,31886.1485929106,0.0139259,2273602.03540372,1e-04,0,0.094735860824585,107.478692293167,"3_114_6",3,114,6,1,797,FALSE,TRUE,4,9.27536062382816,1,FALSE
"63",2.43108,0.9288079,0.1580271,0.65482325,0.36797875,0.3793201,1.93818,0.34987395,0.3482873,2.028135,0.4955296,0.2968521,1.0171475,0.36393772,0.3562789,2.4751625,0.8308548,0.3397039,1.558095,0.8977384,0.2565271,0.528183,0.6748416,0.2415007,2.522145,0.380122,0.2300044,1,0.826435582934988,NA,NA,0.0709619133614364,NA,NA,0.0709619133614364,0.259194512259223,0,3701.89512212932,0.00152836,2273602.03540372,1e-04,0,0.113157987594604,107.751102209091,"3_115_1",3,115,1,1,799,TRUE,TRUE,1,12.1091722398639,4,FALSE
"64",2.032385,0.637512,0.1050954,1.7718325,0.8223834,0.3854179,0.887965,0.3748769,0.6721555,2.6539075,0.7551911,0.2044866,2.1264025,0.4056608,0.3312559,2.8341725,0.847015,0.3696394,1.40552,0.6116596,0.1814065,0.9701925,0.4146278,0.2294392,1.701615,0.7821992,0.2975908,1,0.718697384507011,NA,NA,0.0903403679396202,NA,NA,0.0903403679396202,0.166850541408972,0,15192.9174891429,0.00658297,2273602.03540372,1e-04,0,0.0990900993347168,109.228753089905,"3_116_6",3,116,6,1,811,TRUE,TRUE,3,11.6726346796836,5,FALSE
"65",1.93226,0.6935554,0.0878916,2.23295,0.980925,0.3066886,0.52087175,0.6086993,0.719369,2.66281,0.5864379,0.1058847,2.8332225,0.8930232,0.2333845,1.8732575,0.4288091,0.1381642,1.5033025,0.7801363,0.1851703,0.553983,0.6619938,0.2243464,2.5962825,0.675354,0.2662177,1,0.655438657003001,NA,NA,0.0999834793271919,NA,NA,0.0999834793271919,0.0888463462801195,0,31886.1485929106,0.0139259,2273602.03540372,1e-04,0,0.118317127227783,111.397979259491,"3_119_1",3,119,1,1,827,FALSE,TRUE,3,9.37406928195218,1,FALSE
"66",2.0560675,0.7173204,0.1586202,1.509345,0.7069471,0.3299776,1.1814,0.4288875,0.3482873,2.028135,0.5375534,0.1528254,1.84038,0.6664878,0.144373,1.918215,0.5925839,0.2290684,1.5779475,0.7360167,0.2369635,0.52902875,0.671315,0.2270182,2.45094,0.6201415,0.2573311,1,0.718947977201543,NA,NA,0.0903001200375059,NA,NA,0.0903001200375059,0.174149853247574,0,20499.6105259692,0.00891725,2273602.03540372,1e-04,0,0.115823984146118,111.681031227112,"3_119_3",3,119,3,1,829,FALSE,TRUE,3,11.477082557446,9,TRUE
"67",2.529315,0.9961563,0.1470126,0.64786675,0.3846139,0.1765393,1.973125,0.9683362,0.3642905,0.94088,0.34231234,0.1910265,1.943085,0.33123211,0.3536371,2.8492075,0.6796485,0.334663,1.51922,0.993028,0.2092435,0.61395325,0.526387,0.1889491,1.2674275,0.8521194,0.3083413,1,0.8460356151751,NA,NA,0.0668351774544833,NA,NA,0.0668351774544833,0.307307184197606,0,1226.85392624148,0.000439652,2273602.03540372,1e-04,0,0.12186598777771,112.218019247055,"3_119_7",3,119,7,1,833,TRUE,TRUE,1,9.70044863353812,4,FALSE
"68",1.9355425,0.7265646,0.1468137,1.7560675,0.9688857,0.3351667,0.59839125,0.4112559,0.670701,2.3194575,0.7033827,0.1202067,2.8674725,0.6622227,0.1605106,2.6632275,0.5815771,0.1076671,1.4903,0.6094098,0.10981186,0.621424,0.4226085,0.2605636,1.82919,0.8698448,0.3111094,1,0.704903393041758,NA,NA,0.092528831547403,NA,NA,0.092528831547403,0.103324297779759,0,19822.6904826816,0.00861949,2273602.03540372,1e-04,0,0.0964789390563965,112.862680196762,"3_120_5",3,120,5,1,838,FALSE,TRUE,1,11.9494628022186,9,FALSE
"69",2.53674,0.9702934,0.1091289,0.5659995,0.5143092,0.2511652,1.11819,0.522271,0.579424,2.4096875,0.49292,0.2673633,0.556342,0.4656494,0.3331195,2.7672025,0.6914953,0.3384955,1.5276675,0.8874862,0.2588422,0.55744625,0.6504543,0.2617339,2.9159375,0.5626617,0.1770886,1,0.834643622777241,NA,NA,0.0692636612333174,NA,NA,0.0692636612333174,0.280965568540215,0,2364.29829760841,0.000939985,2273602.03540372,1e-04,0,0.111049175262451,113.498369216919,"3_121_3",3,121,3,1,843,TRUE,TRUE,2,10.9159898042324,4,FALSE
"70",2.6071625,0.8599622,0.1356657,1.658195,0.8691266,0.2952556,0.7524725,0.4948919,0.580835,2.82987,0.762252,0.092997,2.4144375,0.8655594,0.2207854,1.6325175,0.5313591,0.1774936,1.4876125,0.7402958,0.2516026,0.770085,0.9654991,0.2112133,1.822315,0.6536176,0.2769442,1,0.72160509013022,NA,NA,0.0898722501127226,NA,NA,0.0898722501127226,0.141626941266514,0,10771.5447520798,0.00463812,2273602.03540372,1e-04,0,0.112935066223145,113.756572246552,"3_121_5",3,121,5,1,845,FALSE,TRUE,2,12.55254902509,7,FALSE
"71",2.725825,0.7930163,0.1644294,1.6438075,0.7986002,0.1466716,0.7624425,0.7824939,0.593136,2.2387275,0.5688812,0.1485162,1.654675,0.5719486,0.2534269,2.19424,0.800297,0.3211495,1.4395725,0.7728339,0.1997044,0.9000825,0.78958,0.2132398,2.6501075,0.5837303,0.2465422,1,0.727322790968468,NA,NA,0.0889445597914772,NA,NA,0.0889445597914772,0.18124343949646,0,11997.5757144153,0.00517742,2273602.03540372,1e-04,0,0.099898099899292,114.581395149231,"3_122_4",3,122,4,1,851,TRUE,TRUE,3,11.7497277285148,6,FALSE
"72",1.3693025,0.5068717,0.1234434,2.07214,0.9956425,0.24442,0.5151841,0.6368064,0.589935,2.2246525,0.6774183,0.1412424,2.7077275,0.622952,0.1853017,2.7518325,0.576675,0.12381865,1.369155,0.7326623,0.10674454,0.6676025,0.5110612,0.2502259,2.0617725,0.88121,0.312388,1,0.690411297720572,NA,NA,0.094773631443196,NA,NA,0.094773631443196,0.111483894150585,0,24471.7644272127,0.0106645,2273602.03540372,1e-04,0,0.0994038581848145,114.982006311417,"3_122_7",3,122,7,1,854,FALSE,TRUE,2,10.9602037059616,5,FALSE
"73",1.93226,0.6935554,0.0878916,2.23295,0.980925,0.3066886,0.52087175,0.6086993,0.719369,2.66281,0.5864379,0.1058847,2.2565625,0.7061036,0.11134699,2.0299475,0.4610077,0.1935868,1.5033025,0.7801363,0.1851703,0.553983,0.6619938,0.2243464,2.5962825,0.394535,0.2662177,1,0.664113531908629,NA,NA,0.0987168352225216,NA,NA,0.0987168352225216,0.115635217951248,0,31886.1485929106,0.0139259,2273602.03540372,1e-04,0,0.0984039306640625,115.393052101135,"3_123_3",3,123,3,1,857,FALSE,TRUE,3,9.62881456197479,1,FALSE
"74",2.765225,0.994113,0.02422677,1.6174325,0.7056647,0.3063922,0.63818425,0.6127201,0.6247175,2.8951,0.631842,0.0880161,1.1381025,0.7726204,0.2084371,1.7123525,0.869247,0.318205,1.4868125,0.9895784,0.3056806,0.66946175,0.8920845,0.1837936,2.9315375,0.4297114,0.2219446,1,0.734784971843812,NA,NA,0.0877190732269545,NA,NA,0.0877190732269545,0.152571698224014,0,12553.3248875147,0.00542188,2273602.03540372,1e-04,0,0.100397109985352,115.880596160889,"3_123_7",3,123,7,1,861,TRUE,TRUE,1,13.270704784708,7,FALSE
"75",2.401025,0.9579153,0.1208985,1.16815,0.8764549,0.2909083,0.5591015,0.7931542,0.7352,2.37282,0.5574285,0.2066424,1.54604,0.4417521,0.3494521,2.85366,0.8098051,0.370237,1.3673325,0.660507,0.1929616,0.9334575,0.34463774,0.2455672,2.2114875,0.5389898,0.2596798,1,0.739094583280597,NA,NA,0.0870034587127032,NA,NA,0.0870034587127032,0.183048031165406,0,14875.4861832447,0.00644334,2273602.03540372,1e-04,0,0.134392023086548,116.216095209122,"3_124_2",3,124,2,1,863,TRUE,TRUE,3,12.4258824638911,6,FALSE
"76",2.004215,0.7648777,0.1152702,2.31487,0.9626347,0.2602549,0.957405,0.7512508,0.436082,2.0081525,0.6827621,0.1612854,2.92152,0.4891526,0.3014506,2.241545,0.7618257,0.3016177,1.5860425,0.6970995,0.1632292,0.7835125,0.8050696,0.2271076,2.929575,0.4028664,0.2316571,1,0.719383175946882,NA,NA,0.0902301797406641,NA,NA,0.0902301797406641,0.178780429941004,0,14143.0503303887,0.00612116,2273602.03540372,1e-04,0,0.143265008926392,117.240563154221,"3_125_1",3,125,1,1,869,TRUE,TRUE,3,11.3652786104466,5,FALSE
"77",2.9597625,0.8422249,0.1776951,0.803205,0.4484168,0.10476406,1.3380825,0.33209668,0.586081,2.59246,0.5135497,0.2169336,0.6138665,0.6813411,0.2253067,1.8669575,0.6013899,0.2884627,1.570515,0.983879,0.2604928,0.55077275,0.948242,0.2418844,2.4479375,0.6812998,0.2617135,1,0.81529992920559,NA,NA,0.0732029361597171,NA,NA,0.0732029361597171,0.28940604224373,0,2315.71173405004,0.000918613,2273602.03540372,1e-04,0,0.112518072128296,118.684288263321,"3_126_4",3,126,4,1,879,TRUE,TRUE,4,10.2626321320662,2,TRUE
"78",2.2740725,0.9216707,0.0344175,1.212015,0.7259843,0.3580816,0.815535,0.5749943,0.548476,2.789305,0.5497621,0.173994,0.564561,0.6410169,0.144373,1.918215,0.5925839,0.2290684,1.5779475,0.7360167,0.2369635,0.52902875,0.6863377,0.2322712,2.9665325,0.3728868,0.1613221,1,0.771165183622558,NA,NA,0.0814809381442526,NA,NA,0.0814809381442526,0.231745594419474,0,9238.15353365732,0.00396362,2273602.03540372,1e-04,0,0.10847282409668,120.030422210693,"3_127_7",3,127,7,1,889,TRUE,TRUE,4,11.9155151975502,4,FALSE
"79",2.3104125,0.950384,0.1863873,0.708838,0.4382948,0.2962354,1.2367325,0.76515,0.41898,1.65132,0.4459437,0.2163123,2.086475,0.36849976,0.365917,1.85049,0.8874757,0.3123931,1.267675,0.8879797,0.2859574,0.64738225,0.5696449,0.1820221,1.6022475,0.6458259,0.2731192,1,0.814050639400315,NA,NA,0.0734500870138616,NA,NA,0.0734500870138616,0.252884693130765,0,5071.87616889846,0.00213098,2273602.03540372,1e-04,0,0.111202001571655,120.738108158112,"3_128_5",3,128,5,1,894,TRUE,TRUE,1,12.2557226914936,4,FALSE
"80",2.737695,0.9101718,0.2271876,0.73010725,0.3894495,0.2375722,1.69756,0.977558,0.411752,0.6331965,0.306599222,0.1450125,2.7909825,0.33271919,0.3847399,2.5774025,0.6604741,0.3452842,1.4697025,0.8812058,0.2388754,0.8696775,0.302414482,0.1535542,0.53541325,0.9143613,0.3477142,1,0.847690200864679,NA,NA,0.0664750836704543,NA,NA,0.0664750836704543,0.388835998089029,0,334.490939071973,4.71241e-05,2273602.03540372,1e-04,0,0.1107017993927,121.318870306015,"3_129_2",3,129,2,1,898,TRUE,TRUE,2,7.13974422881841,9,FALSE
"81",2.725825,0.7930163,0.1644294,1.6438075,0.7986002,0.1466716,0.7624425,0.7824939,0.6249715,2.77915,0.6738217,0.095724,1.4422475,0.6105046,0.1456639,2.36105,0.3810922,0.193858,1.470585,0.7467099,0.1373233,0.707966,0.4663613,0.2132398,2.6501075,0.5837303,0.2465422,1,0.735351708811867,NA,NA,0.0876252998299809,NA,NA,0.0876252998299809,0.190110672504963,0,11997.5757144153,0.00517742,2273602.03540372,1e-04,0,0.112807989120483,123.454360246658,"3_131_1",3,131,1,1,911,TRUE,TRUE,4,11.9116433581701,7,FALSE
"82",2.8791625,0.890576,0.2787132,0.90362,0.3978817,0.2017537,1.6330775,0.7672822,0.457616,1.1753825,0.4284003,0.2522241,0.7026305,0.3895769,0.3400015,2.7983425,0.7266654,0.2670367,1.4432775,0.924694,0.2875603,0.70784175,0.5158926,0.10547806,1.5862175,0.7216891,0.3849439,1,0.823041955386974,NA,NA,0.071652298304219,NA,NA,0.071652298304219,0.282869055371717,0,2353.0155390954,0.000935022,2273602.03540372,1e-04,0,0.132918119430542,123.886362314224,"3_131_4",3,131,4,1,914,TRUE,TRUE,3,10.6906127048756,2,FALSE
"83",2.422495,0.7994682,0.1445367,0.8704,0.4297338,0.1979155,1.79017,0.7493251,0.388008,1.6518875,0.7222351,0.2278137,0.6061725,0.6560109,0.2556172,1.4791825,0.9404874,0.3239761,1.51816,0.9112057,0.3199438,0.5944355,0.4155833,0.2685559,2.349615,0.4174397,0.2135632,1,0.794437266891815,NA,NA,0.0772266438717222,NA,NA,0.0772266438717222,0.2469322129886,0,7518.02731941385,0.00320698,2273602.03540372,1e-04,0,0.136609077453613,124.197707176208,"3_131_6",3,131,6,1,916,TRUE,TRUE,3,12.0160619275729,4,FALSE
"84",1.93226,0.6935554,0.0878916,2.23295,0.980925,0.3066886,0.52087175,0.6086993,0.719369,2.66281,0.5864379,0.1058847,2.2565625,0.7061036,0.11134699,2.0299475,0.4610077,0.1935868,1.5033025,0.7801363,0.1851703,0.553983,0.6619938,0.2243464,2.5962825,0.394535,0.2662177,1,0.664113531908629,NA,NA,0.0987168352225216,NA,NA,0.0987168352225216,0.115635217951248,0,31886.1485929106,0.0139259,2273602.03540372,1e-04,0,0.115768194198608,124.337872266769,"3_131_7",3,131,7,1,917,FALSE,TRUE,3,9.62881456197479,NA,NA
"85",2.5986675,0.8815621,0.1178124,1.723355,0.8332509,0.3066631,0.76259,0.6593786,0.439808,2.7996575,0.6339294,0.1116072,1.506745,0.691251,0.2269645,1.47872,0.9807346,0.3191716,1.5111525,0.9977796,0.3056806,0.66946175,0.8920845,0.1837936,2.9315375,0.4297114,0.2659444,1,0.733298749564469,NA,NA,0.087964511633385,NA,NA,0.087964511633385,0.140370775577454,0,11504.3898123774,0.00496048,2273602.03540372,1e-04,0,0.0954880714416504,124.874893188477,"3_132_4",3,132,4,1,921,TRUE,TRUE,1,13.5447034786411,7,FALSE
"86",2.529495,0.9747965,0.2170692,0.9856525,0.5779161,0.2959711,2.599985,0.832462,0.3360692,2.03549,0.5339078,0.2859177,1.2275175,0.32791551,0.3085672,2.7187375,0.9197457,0.3276283,1.527845,0.9704761,0.2368885,0.6250095,0.5216669,0.1961866,1.4304925,0.6204901,0.2925553,1,0.804460731591369,NA,NA,0.0753202864376974,NA,NA,0.0753202864376974,0.259516644325898,0,2867.74848630487,0.00116144,2273602.03540372,1e-04,0,0.100861787796021,125.120326280594,"3_132_6",3,132,6,1,923,TRUE,TRUE,3,11.5922592598093,2,FALSE
"87",2.004215,0.7648777,0.1152702,1.7233925,0.8597263,0.2678764,1.1864075,0.5489851,0.4690225,1.68037,0.6013983,0.2789448,2.862835,0.3874755,0.2557582,2.989655,0.5808526,0.102185335,1.45603,0.6183012,0.1378354,0.527462,0.4678887,0.2271076,2.929575,0.4028664,0.2316571,1,0.749128602173735,NA,NA,0.0853140471811293,NA,NA,0.0853140471811293,0.225155703555465,0,14143.0503303887,0.00612116,2273602.03540372,1e-04,0,0.108927011489868,125.871002197266,"3_133_5",3,133,5,1,929,TRUE,TRUE,4,11.2128097639851,4,FALSE
"88",2.3408275,0.9629756,0.01453812,0.62801125,0.33844463,0.2392738,1.2767425,0.3803775,0.4860205,2.8421775,0.463373,0.2338032,1.593675,0.652702,0.1616464,2.2203,0.9033664,0.3369313,1.4921375,0.9848618,0.3018121,0.8108125,0.9409774,0.256795,2.1730525,0.4136884,0.113464,1,0.802431099206706,NA,NA,0.0757101770411267,NA,NA,0.0757101770411267,0.26103218767339,0,4803.75435970534,0.00201304,2273602.03540372,1e-04,0,0.109882116317749,126.496583223343,"3_134_3",3,134,3,1,934,TRUE,TRUE,4,11.4512340274517,8,FALSE
"89",2.8736275,0.9978916,0.2249289,0.6300515,0.36728568,0.1664401,1.8965775,0.7785151,0.5200495,0.9953575,0.32044392,0.1881522,1.7293475,0.6089233,0.2820988,2.00484,0.9155842,0.2243263,1.4281025,0.7911368,0.2642494,0.846285,0.924736,0.1399249,1.4597425,0.9158145,0.3282751,1,0.832293829210175,NA,NA,0.0697540601303093,NA,NA,0.0697540601303093,0.418696903059974,0,2001.49497994257,0.000780397,2273602.03540372,1e-04,0,0.095120906829834,126.609042167664,"3_134_4",3,134,4,1,935,TRUE,TRUE,3,6.49360354308445,9,FALSE
"90",2.369065,0.7868815,0.1371024,0.85973,0.32553873,0.3215398,0.6489795,0.5777677,0.668138,2.9491625,0.6438498,0.0627444,1.86627,0.9153259,0.12811156,1.0052225,0.9130194,0.253738,1.54604,0.7758789,0.1896382,0.73801575,0.6087147,0.2432008,2.2931275,0.4656291,0.2466568,1,0.774936689293654,NA,NA,0.0808066907293757,NA,NA,0.0808066907293757,0.202607108607493,0,8326.0301464735,0.0035624,2273602.03540372,1e-04,0,0.109820127487183,126.740743160248,"3_134_5",3,134,5,1,936,TRUE,TRUE,1,13.8692120437251,9,FALSE
"91",2.3368975,0.9981121,0.0489198,1.296075,0.9598823,0.3946906,0.521095025,0.4194396,0.724342,2.7385175,0.588414,0.1284846,1.385555,0.8503554,0.151759,1.8015825,0.704005,0.12125791,1.593065,0.7701578,0.2560387,0.58050675,0.6825976,0.2902603,2.38997,0.3728133,0.192148,1,0.726437432577424,NA,NA,0.0890888402658616,NA,NA,0.0890888402658616,0.135856454150852,0,17210.6284483701,0.00747051,2273602.03540372,1e-04,0,0.102686166763306,126.861357212067,"3_134_6",3,134,6,1,937,TRUE,TRUE,1,13.0816369377611,9,FALSE
"92",2.8791625,0.890576,0.2787132,0.90362,0.3978817,0.2017537,1.6330775,0.7672822,0.457616,1.1753825,0.4284003,0.2522241,2.54563,0.6546802,0.1354162,2.7983425,0.7266654,0.2670367,1.4432775,0.924694,0.2875603,0.70784175,0.5158926,0.10547806,1.5862175,0.7216891,0.3849439,1,0.820865353344817,NA,NA,0.0720916168150002,NA,NA,0.0720916168150002,0.298822145806552,0,2353.0155390954,0.000935022,2273602.03540372,1e-04,0,0.0998249053955078,127.744089126587,"3_135_6",3,135,6,1,944,TRUE,TRUE,4,9.90988445896995,2,FALSE
"93",2.030305,0.7147381,0.0992208,1.96044,0.8706869,0.2849338,0.7747325,0.6368246,0.653097,2.460625,0.6135972,0.1302705,1.926485,0.6960852,0.2556172,1.4791825,0.9404874,0.3239761,1.51816,0.9112057,0.3199438,0.5944355,0.4155833,0.2685559,2.5469475,0.623771,0.2556868,1,0.682708450567246,NA,NA,0.0959454143405425,NA,NA,0.0959454143405425,0.127583260965487,0,27012.4879642164,0.0117821,2273602.03540372,1e-04,0,0.103509187698364,128.026556253433,"3_136_1",3,136,1,1,946,FALSE,TRUE,4,10.3875186467255,1,FALSE
"94",1.93226,0.6935554,0.0878916,2.23295,0.980925,0.3066886,0.52087175,0.6086993,0.719369,2.66281,0.5864379,0.1058847,2.2565625,0.7061036,0.11134699,2.0299475,0.4610077,0.1935868,1.5033025,0.7801363,0.1851703,0.553983,0.3306229,0.2243464,2.5962825,0.394535,0.2662177,1,0.668072394528808,NA,NA,0.0981333571662698,NA,NA,0.0981333571662698,0.110948824309282,0,31886.1485929106,0.0139259,2273602.03540372,1e-04,0,0.126936912536621,128.17146730423,"3_136_2",3,136,2,1,947,FALSE,TRUE,2,9.83113848658488,1,FALSE
"95",2.8249575,0.9373255,0.1493958,1.02963,0.5321494,0.343648,1.6194825,0.9772262,0.30793765,1.800505,0.35251533,0.1971312,1.1271125,0.403621,0.2936197,2.8987975,0.9241144,0.3460462,1.6065825,0.9382817,0.342133,0.571864,0.6896116,0.2462623,2.84752,0.32896012,0.1896313,1,0.817632128295112,NA,NA,0.0727393029289546,NA,NA,0.0727393029289546,0.264289857020697,0,952.632652794811,0.000319029,2273602.03540372,1e-04,0,0.162950992584229,128.360931158066,"3_136_3",3,136,3,1,948,TRUE,TRUE,2,11.6257817895544,2,FALSE
"96",2.5986675,0.8815621,0.1178124,1.723355,0.8332509,0.3066631,0.76259,0.6593786,0.439808,2.7996575,0.6339294,0.1116072,1.98122,0.8829978,0.1431772,1.11513,0.9702248,0.3054034,1.5111525,0.9977796,0.3056806,0.66946175,0.8920845,0.1837936,2.9315375,0.4297114,0.2659444,1,0.727409298578846,NA,NA,0.0889304497165761,NA,NA,0.0889304497165761,0.148240538670871,0,11504.3898123774,0.00496048,2273602.03540372,1e-04,0,0.129156112670898,128.812890291214,"3_136_6",3,136,6,1,951,TRUE,TRUE,2,12.817079823634,7,FALSE
"97",2.737695,0.9101718,0.2271876,0.73010725,0.3894495,0.2375722,1.69756,0.9818987,0.411897,0.74267625,0.34971631,0.1495908,2.1911275,0.32083725,0.3227659,2.13642,0.9237441,0.3542479,1.4759825,0.9446797,0.3352837,0.96206,0.4864863,0.12111175,0.8036175,0.7178468,0.3477142,1,0.838606572143462,NA,NA,0.068428637512299,NA,NA,0.068428637512299,0.4281206590392,0,334.490939071973,4.71241e-05,2273602.03540372,1e-04,0,0.104765892028809,129.819651126862,"3_137_6",3,137,6,1,958,TRUE,TRUE,3,6.32803110191484,9,FALSE
"98",2.3368975,0.8136859,0.1050282,0.9664275,0.9598823,0.3946906,0.521095025,0.4194396,0.724342,2.7385175,0.588414,0.1284846,1.385555,0.8503554,0.151759,1.8015825,0.704005,0.12125791,1.593065,0.7701578,0.2560387,0.58050675,0.6825976,0.2902603,2.38997,0.3728133,0.192148,1,0.734535903974848,NA,NA,0.0877602527855545,NA,NA,0.0877602527855545,0.147570582045033,0,17210.6284483701,0.00747051,2273602.03540372,1e-04,0,0.104126930236816,131.002937316895,"3_139_1",3,139,1,1,967,TRUE,TRUE,1,13.4208611023343,9,FALSE
"99",2.346075,0.9698181,0.1914573,0.522180025,0.4824991,0.1858078,1.956765,0.6238648,0.4531125,0.8577775,0.36155205,0.2020092,1.362915,0.6345174,0.3005368,2.7518725,0.7143783,0.3454342,1.315105,0.9771198,0.3336595,0.54462075,0.6806642,0.2033302,1.87069,0.5380861,0.254074,1,0.847472963849662,NA,NA,0.0665224729497811,NA,NA,0.0665224729497811,0.337608914711028,0,3016.99553373176,0.00122709,2273602.03540372,1e-04,0,0.0967748165130615,131.117604255676,"3_139_2",3,139,2,1,968,TRUE,TRUE,1,8.5599970228547,4,FALSE
"100",2.7120825,0.8704755,0.0722079,0.52281205,0.43041,0.3948268,1.75532,0.4715777,0.4233625,2.2977875,0.4118754,0.2889492,1.2221725,0.5431149,0.3301609,1.64458,0.8082448,0.1809523,1.1457075,0.9645072,0.3659128,0.62520975,0.9283172,0.2666821,2.9374225,0.5898924,0.137668,1,0.810362141872313,NA,NA,0.07417498902113,NA,NA,0.07417498902113,0.268911072191336,0,7807.79165551487,0.00333444,2273602.03540372,1e-04,0,0.0952379703521729,131.359039306641,"3_139_4",3,139,4,1,970,TRUE,TRUE,4,11.208733716648,4,FALSE
"101",2.8791625,0.9114185,0.1900926,0.5350925,0.4212197,0.2278063,2.9364775,0.7458104,0.472925,0.74904075,0.3591262,0.209448,1.015695,0.6982097,0.2665561,1.9850125,0.6233209,0.2670367,1.4432775,0.924694,0.2875603,0.70784175,0.5158926,0.10547806,1.5862175,0.7216891,0.3849439,1,0.848553439271128,NA,NA,0.0662864372907712,NA,NA,0.0662864372907712,0.36596904545034,0,2353.0155390954,0.000935022,2273602.03540372,1e-04,0,0.101020812988281,131.86194229126,"3_140_1",3,140,1,1,974,TRUE,TRUE,1,7.71093588877523,9,FALSE
"102",2.8249575,0.9373255,0.1493958,1.02963,0.7212509,0.3403003,1.1247775,0.4586368,0.6048265,2.162585,0.4300964,0.2856915,0.86846,0.515432,0.2798773,2.8649075,0.6058258,0.1824481,1.6284525,0.7221091,0.2357866,0.510834275,0.4906961,0.343813,2.4689975,0.4704031,0.1557601,1,0.795643467868012,NA,NA,0.0769997352734474,NA,NA,0.0769997352734474,0.247211395780142,0,5807.81301875426,0.0024547,2273602.03540372,1e-04,0,0.101464986801147,132.3413002491,"3_140_5",3,140,5,1,978,TRUE,TRUE,2,12.0421596418467,4,FALSE
"103",2.4645975,0.9193586,0.1499844,0.86853,0.4610329,0.3647887,1.7030625,0.4117746,0.3665915,2.18244,0.5232097,0.1116072,1.506745,0.691251,0.2269645,1.47872,0.9807346,0.3191716,1.5111525,0.9977796,0.2663578,0.55643875,0.7182899,0.2299591,2.604025,0.3900396,0.2371924,1,0.799235006302321,NA,NA,0.0763201059678829,NA,NA,0.0763201059678829,0.257309611259657,0,5262.38496668023,0.00221478,2273602.03540372,1e-04,0,0.103495121002197,132.738717317581,"3_141_1",3,141,1,1,981,TRUE,TRUE,3,11.5698819642798,4,FALSE
"104",2.3104125,0.950384,0.1863873,0.708838,0.4382948,0.2962354,1.2367325,0.76515,0.41898,1.65132,0.4459437,0.2163123,2.086475,0.36849976,0.365917,1.85049,0.8874757,0.3123931,1.267675,0.8879797,0.2859574,0.64738225,0.554709,0.198835,2.18272,0.6458259,0.2731192,1,0.815590215167851,NA,NA,0.0731453884267736,NA,NA,0.0731453884267736,0.257897612020397,0,5071.87616889846,0.00213098,2273602.03540372,1e-04,0,0.096642017364502,133.102152109146,"3_141_4",3,141,4,1,984,TRUE,TRUE,1,11.9723187686021,4,FALSE
"105",2.737695,0.9101718,0.2271876,0.73010725,0.3894495,0.2375722,1.69756,0.977558,0.411752,1.210415,0.35856102,0.1206867,1.6473675,0.8415753,0.245599,2.3248575,0.5375695,0.2872705,1.4697025,0.8812058,0.2388754,0.8696775,0.302414482,0.1535542,0.53541325,0.9143613,0.3477142,1,0.838971904718441,NA,NA,0.0683511455912899,NA,NA,0.0683511455912899,0.269355430341219,0,334.490939071973,4.71241e-05,2273602.03540372,1e-04,0,0.100492000579834,133.610381126404,"3_142_1",3,142,1,1,988,TRUE,TRUE,1,11.6138200843578,2,FALSE
"106",1.7864025,0.9298824,0.1180053,1.2272075,0.7241573,0.315064,1.6809775,0.6332567,0.4244255,1.85242,0.5212196,0.2999286,1.6719,0.3854077,0.3999184,2.67863,0.8416488,0.346522,1.4842725,0.4423058,0.1722775,0.59879475,0.34842075,0.2604481,1.6391725,0.5998751,0.2752576,1,0.771931376547316,NA,NA,0.0813444150734712,NA,NA,0.0813444150734712,0.228045055039156,0,11108.7998851458,0.00478647,2273602.03540372,1e-04,0,0.181217193603516,134.116790294647,"3_142_4",3,142,4,1,991,TRUE,TRUE,2,12.1502365315677,4,FALSE
"107",2.47181,0.8594344,0.1992321,1.082305,0.494187,0.3173125,1.458295,0.6553613,0.3922835,2.04901,0.4821736,0.2223855,0.9538375,0.7713191,0.2643352,2.1266975,0.8563747,0.2955169,1.508125,0.7839079,0.2668549,0.7747275,0.4824382,0.2135248,1.89073,0.4446627,0.2638219,1,0.794911860302004,NA,NA,0.077137443765164,NA,NA,0.077137443765164,0.239474502229098,0,3751.81842999672,0.00155032,2273602.03540372,1e-04,0,0.0958530902862549,134.864325284958,"3_143_2",3,143,2,1,996,TRUE,TRUE,2,12.4943709062027,4,FALSE
"108",2.3368975,0.8136859,0.1050282,0.9664275,0.9598823,0.3946906,0.521095025,0.4194396,0.724342,2.7385175,0.588414,0.1284846,1.385555,0.8503554,0.151759,1.8015825,0.704005,0.2603389,1.56993,0.4632631,0.1764934,0.58648325,0.5995741,0.3475519,2.38997,0.3728133,0.192148,1,0.734113508925613,NA,NA,0.0878300452032938,NA,NA,0.0878300452032938,0.147165176064018,0,17210.6284483701,0.00747051,2273602.03540372,1e-04,0,0.107845067977905,134.989324092865,"3_143_3",3,143,3,1,997,TRUE,TRUE,1,13.3981675664229,9,FALSE
"109",2.7120825,0.8704755,0.0722079,0.52281205,0.43041,0.3948268,1.75532,0.4715777,0.4233625,2.2977875,0.4118754,0.2889492,1.2221725,0.5431149,0.3301609,1.64458,0.8082448,0.1809523,1.1027975,0.8739139,0.3006661,0.59458,0.6724329,0.2736397,2.346485,0.5739492,0.137668,1,0.813012717416831,NA,NA,0.0736547916008782,NA,NA,0.0736547916008782,0.258602745299263,0,7807.79165551487,0.00333444,2273602.03540372,1e-04,0,0.104796886444092,135.356041193008,"3_143_6",3,143,6,1,1000,TRUE,TRUE,2,11.8671192538699,4,FALSE
"110",2.486115,0.8306651,0.1662546,1.90988,0.8815964,0.3680869,0.8136025,0.5985318,0.5708685,2.9884625,0.7590187,0.1395045,2.783025,0.431075,0.2325577,1.706785,0.7993485,0.12334444,1.4616,0.6118738,0.10760785,0.70528225,0.8559043,0.1812553,2.6027525,0.3004134221,0.2914705,1,0.734961758244329,NA,NA,0.0876898325681078,NA,NA,0.0876898325681078,0.187796702456304,0,11294.2617911486,0.00486805,2273602.03540372,1e-04,0,0.0980808734893799,135.471467256546,"3_143_7",3,143,7,1,1001,TRUE,TRUE,4,11.9764524064558,7,FALSE
